[
    {
        "name": "Acai",
        "count": 7
    },
    {
        "name": "African",
        "count": 9
    },
    {
        "name": "Alcohol",
        "count": 330
    },
    {
        "name": "American",
        "count": 201
    },
    {
        "name": "BBQ",
        "count": 73
    },
    {
        "name": "Brunch",
        "count": 118
    },
    {
        "name": "Cakes",
        "count": 36
    },
    {
        "name": "Dessert",
        "count": 282
    },
    {
        "name": "Falafel",
        "count": 30
    },
    {
        "name": "German",
        "count": 5
    },
    {
        "name": "Healthy",
        "count": 247
    },
    {
        "name": "Indian",
        "count": 112
    },
    {
        "name": "Meal Deal",
        "count": 129
    },
    {
        "name": "Pancakes",
        "count": 15
    },
    {
        "name": "Pizza",
        "count": 208
    },
    {
        "name": "Soup",
        "count": 8
    },
    {
        "name": "Takeaways",
        "count": 87
    },
    {
        "name": "Wraps",
        "count": 99
    }
]